CVE ID,EPSS,Severity,CVSS Score,Vendor,Product,Affected Version,References
CVE-2024-3832,0.04,TBD,TBD,"""Google""","""Chrome""","""Chrome
     - affected version: 124.0.6367.60 before 124.0.6367.60""","""https://chromereleases.googleblog.com/2024/04/stable-channel-update-for-desktop_16.html
https://issues.chromium.org/issues/331358160
https://lists.fedoraproject.org/archives/list/package-announce@lists.fedoraproject.org/message/CWIVXXSVO5VB3NAZVFJ7CWVBN6W2735T/
https://lists.fedoraproject.org/archives/list/package-announce@lists.fedoraproject.org/message/PCWPUBGTBNT4EW32YNZMRIPB3Y4R6XL6/
https://lists.fedoraproject.org/archives/list/package-announce@lists.fedoraproject.org/message/WEP5NJUWMDRLDQUKU4LFDUHF5PCYAPIO/"""
CVE-2024-3833,0.04,TBD,TBD,"""Google""","""Chrome""","""Chrome
     - affected version: 124.0.6367.60 before 124.0.6367.60""","""https://www.cve.org/CVERecord?id=CVE-2024-3833"""
CVE-2024-3914,0.05,TBD,TBD,"""Google""","""Chrome""","""Chrome
     - affected version: 124.0.6367.60 before 124.0.6367.60""","""https://www.cve.org/CVERecord?id=CVE-2024-3914"""
CVE-2024-3834,0.08,TBD,TBD,"""Google""","""Chrome""","""Chrome
     - affected version: 124.0.6367.60 before 124.0.6367.60""","""https://www.cve.org/CVERecord?id=CVE-2024-3834"""
CVE-2024-3837,0.08,TBD,TBD,"""Google""","""Chrome""","""Chrome
     - affected version: 124.0.6367.60 before 124.0.6367.60""","""https://www.cve.org/CVERecord?id=CVE-2024-3837"""
CVE-2024-3838,0.05,TBD,TBD,"""Google""","""Chrome""","""Chrome
     - affected version: 124.0.6367.60 before 124.0.6367.60""","""https://chromereleases.googleblog.com/2024/04/stable-channel-update-for-desktop_16.html
https://issues.chromium.org/issues/328278717
https://lists.fedoraproject.org/archives/list/package-announce@lists.fedoraproject.org/message/CWIVXXSVO5VB3NAZVFJ7CWVBN6W2735T/
https://lists.fedoraproject.org/archives/list/package-announce@lists.fedoraproject.org/message/PCWPUBGTBNT4EW32YNZMRIPB3Y4R6XL6/
https://lists.fedoraproject.org/archives/list/package-announce@lists.fedoraproject.org/message/WEP5NJUWMDRLDQUKU4LFDUHF5PCYAPIO/"""
CVE-2024-3839,0.08,TBD,TBD,"""Google""","""Chrome""","""Chrome
     - affected version: 124.0.6367.60 before 124.0.6367.60""","""https://www.cve.org/CVERecord?id=CVE-2024-3839"""
CVE-2024-3840,0.04,TBD,TBD,"""Google""","""Chrome""","""Chrome
     - affected version: 124.0.6367.60 before 124.0.6367.60""","""https://www.cve.org/CVERecord?id=CVE-2024-3840"""
CVE-2024-3841,0.04,TBD,TBD,"""Google""","""Chrome""","""Chrome
     - affected version: 124.0.6367.60 before 124.0.6367.60""","""https://www.cve.org/CVERecord?id=CVE-2024-3841"""
CVE-2024-3843,0.04,TBD,TBD,"""Google""","""Chrome""","""Chrome
     - affected version: 124.0.6367.60 before 124.0.6367.60""","""https://www.cve.org/CVERecord?id=CVE-2024-3843"""
CVE-2024-3844,0.04,TBD,TBD,"""Google""","""Chrome""","""Chrome
     - affected version: 124.0.6367.60 before 124.0.6367.60""","""https://www.cve.org/CVERecord?id=CVE-2024-3844"""
CVE-2024-3845,0.04,TBD,TBD,"""Google""","""Chrome""","""Chrome
     - affected version: 124.0.6367.60 before 124.0.6367.60""","""https://www.cve.org/CVERecord?id=CVE-2024-3845"""
CVE-2024-3846,0.04,TBD,TBD,"""Google""","""Chrome""","""Chrome
     - affected version: 124.0.6367.60 before 124.0.6367.60""","""https://www.cve.org/CVERecord?id=CVE-2024-3846"""
CVE-2024-3847,0.04,TBD,TBD,"""Google""","""Chrome""","""Chrome
     - affected version: 124.0.6367.60 before 124.0.6367.60""","""https://www.cve.org/CVERecord?id=CVE-2024-3847"""
CVE-2024-28255 ,0.09,TBD,TBD,"""N/A""","""N/A""","""""",""""""
CVE-2024-28847,0.04,HIGH,8.8,"""open-metadata""","""OpenMetadata""","""OpenMetadata
     - N/A
     - affected version: < 1.2.4""","""https://www.cve.org/CVERecord?id=CVE-2024-28847"""
CVE-2024-28253,0.04,CRITICAL,9.4,"""open-metadata""","""OpenMetadata""","""OpenMetadata
     - affected version: < 1.3.1""","""https://www.cve.org/CVERecord?id=CVE-2024-28253"""
CVE-2024-28848,0.04,HIGH,8.8,"""open-metadata""","""OpenMetadata""","""OpenMetadata
     - affected version: < 1.2.4""","""https://github.com/open-metadata/OpenMetadata/security/advisories/GHSA-5xv3-fm7g-865r
https://codeql.github.com/codeql-query-help/java/java-spel-expression-injection
https://github.com/open-metadata/OpenMetadata/blob/main/openmetadata-service/src/main/java/org/openmetadata/service/security/policyevaluator/CompiledRule.java#L51
https://github.com/open-metadata/OpenMetadata/blob/main/openmetadata-service/src/main/java/org/openmetadata/service/security/policyevaluator/CompiledRule.java#L57"""
CVE-2024-28254,0.05,HIGH,8.8,"""open-metadata""","""OpenMetadata""","""OpenMetadata
     - affected version: < 1.2.4""","""https://github.com/open-metadata/OpenMetadata/security/advisories/GHSA-j86m-rrpr-g8gw
https://codeql.github.com/codeql-query-help/java/java-spel-expression-injection
https://github.com/open-metadata/OpenMetadata/blob/84054a85d3478e3e3795fe92daa633ec11c9d6d9/openmetadata-service/src/main/java/org/openmetadata/service/events/subscription/AlertUtil.java#L101
https://github.com/open-metadata/OpenMetadata/blob/84054a85d3478e3e3795fe92daa633ec11c9d6d9/openmetadata-service/src/main/java/org/openmetadata/service/events/subscription/AlertUtil.java#L108
https://github.com/spring-projects/spring-framework/blob/4e2d3573189b7c0afce62bce29cd915de4077f56/spring-expression/src/main/java/org/springframework/expression/spel/standard/SpelExpression.java#L106"""
CVE-2024-21412,0.36,HIGH,8.1,"""Microsoft
Microsoft
Microsoft
Microsoft
Microsoft
Microsoft
Microsoft
Microsoft
Microsoft
Microsoft
Microsoft""","""Windows 11 version 21H2
Windows 10 Version 1809
Windows 10 Version 21H2
Windows Server 2022
Windows 11 version 22H2
Windows 10 Version 22H2
Windows Server 2019
Windows 11 version 22H3
Windows 11 Version 23H2
Windows Server 2022, 23H2 Edition (Server Core installation)
Windows Server 2019 (Server Core installation)""","""Windows 11 version 21H2
     - affected version: 10.0.0 before 10.0.22000.2777
Windows 10 Version 1809
     - affected version: 10.0.0 before 10.0.17763.5458
Windows 10 Version 21H2
     - affected version: 10.0.0 before 10.0.19044.4046
Windows Server 2022
     - affected version: 10.0.0 before 10.0.20348.2322
Windows 11 version 22H2
     - affected version: 10.0.0 before 10.0.22621.3155
Windows 10 Version 22H2
     - affected version: 10.0.0 before 10.0.19045.4046
Windows Server 2019
     - affected version: 10.0.0 before 10.0.17763.5458
Windows 11 version 22H3
     - affected version: 10.0.0 before 10.0.22631.3155
Windows 11 Version 23H2
     - affected version: 10.0.0 before 10.0.22631.3155
Windows Server 2022, 23H2 Edition (Server Core installation)
     - affected version: 10.0.0 before 10.0.25398.709
Windows Server 2019 (Server Core installation)
     - affected version: 10.0.0 before 10.0.17763.5458""","""https://msrc.microsoft.com/update-guide/vulnerability/CVE-2024-21412"""
CVE-2023-46604,97.25,CRITICAL,10,"""Apache Software Foundation
Apache Software Foundation""","""Apache ActiveMQ
Apache ActiveMQ Legacy OpenWire Module""","""Apache ActiveMQ
     - affected version: 5.18.0 before 5.18.3
     - affected version: 5.17.0 before 5.17.6
     - affected version: 5.16.0 before 5.16.7
     - affected version: 0 before 5.15.16
Apache ActiveMQ Legacy OpenWire Module
     - affected version: 5.18.0 before 5.18.3
     - affected version: 5.17.0 before 5.17.6
     - affected version: 5.16.0 before 5.16.7
     - affected version: 5.8.0 before 5.15.16""","""https://www.cve.org/CVERecord?id=CVE-2023-46604"""
CVE-2023-3169,0.07,TBD,TBD,"""Unknown""","""tagDiv Composer""","""tagDiv Composer
     - affected version: 0 before 4.2""","""https://wpscan.com/vulnerability/e6d8216d-ace4-48ba-afca-74da0dc5abb5"""
CVE-2024-21006,0.09,HIGH,7.5,"""Oracle Corporation""","""WebLogic Server""","""WebLogic Server
     - affected version: 12.2.1.4.0
     - affected version: 14.1.1.0.0""","""https://www.oracle.com/security-alerts/cpuapr2024.html"""
CVE-2022-34381,0.19,CRITICAL,9.1,"""Dell
Dell""","""Dell BSAFE Crypto-J
Dell BSAFE SSL-J""","""Dell BSAFE Crypto-J
     - affected version: 0 before 6.2.6.1
Dell BSAFE SSL-J
     - affected version: 7.0
     - affected version: 0 before 6.5""","""https://www.dell.com/support/kbdoc/en-us/000203278/dsa-2022-208-dell-bsafe-ssl-j-6-5-and-7-1-and-dell-bsafe-crypto-j-6-2-6-1-and-7-0-security-vulnerability"""
CVE-2022-42920,3.23,TBD,TBD,"""Apache Software Foundation""","""Apache Commons BCEL""","""Apache Commons BCEL
     - affected version: Apache Commons BCEL before 6.6.0""","""https://www.cve.org/CVERecord?id=CVE-2022-42920"""
CVE-2022-46337 ,0.23,TBD,TBD,"""N/A""","""N/A""","""""",""""""
CVE-2024-1597,0.06,CRITICAL,10,"""pgjdbc""","""pgjdbc""","""pgjdbc
     - N/A
     - affected version: < 42.7.2
     - affected version: < 42.6.1
     - affected version: < 42.5.5
     - affected version: < 42.4.4
     - affected version: < 42.3.9
     - affected version: < 42.2.28""","""https://github.com/pgjdbc/pgjdbc/security/advisories/GHSA-24rp-q3w6-vc56
https://www.enterprisedb.com/docs/security/assessments/cve-2024-1597/
https://www.enterprisedb.com/docs/jdbc_connector/latest/01_jdbc_rel_notes/
https://lists.fedoraproject.org/archives/list/package-announce@lists.fedoraproject.org/message/TZQTSMESZD2RJ5XBPSXH3TIQVUW5DIUU/
https://security.netapp.com/advisory/ntap-20240419-0008/"""
CVE-2022-1471,0.81,HIGH,8.3,"""SnakeYAML""","""SnakeYAML""","""SnakeYAML
     - affected version: 0 through 2.0""","""https://www.cve.org/CVERecord?id=CVE-2022-1471"""
CVE-2022-45378,0.83,TBD,TBD,"""Apache Software Foundation""","""Apache SOAP""","""Apache SOAP
     - affected version: Apache SOAP 2.3
     - unknown version: Apache SOAP before 2.3""","""https://lists.apache.org/thread/g4l64s283njhnph2otx7q4gs2j952d31
http://www.openwall.com/lists/oss-security/2022/11/14/4"""
CVE-2021-23369,14.94,MEDIUM,5.6,"""n/a""","""handlebars""","""handlebars
     - affected version: unspecified before 4.7.7""","""https://www.cve.org/CVERecord?id=CVE-2021-23369"""
CVE-2024-21082,0.09,CRITICAL,9.8,"""Oracle Corporation""","""BI Publisher (formerly XML Publisher)""","""BI Publisher (formerly XML Publisher)
     - affected version: 7.0.0.0.0
     - affected version: 12.2.1.4.0""","""https://www.oracle.com/security-alerts/cpuapr2024.html"""
CVE-2023-38545 ,0.32,TBD,TBD,"""N/A""","""N/A""","""""",""""""
CVE-2022-46364,3.93,TBD,TBD,"""Apache Software Foundation""","""Apache CXF""","""Apache CXF
     - N/A
     - affected version: 0 before 3.5.5
     - affected version: 0 before 3.4.10""","""https://cxf.apache.org/security-advisories.data/CVE-2022-46364.txt?version=1&modificationDate=1670944472739&api=v2"""
CVE-2023-47100 ,0.06,TBD,TBD,"""N/A""","""N/A""","""""",""""""
CVE-2024-28255,0.09,CRITICAL,9.8,"""open-metadata""","""OpenMetadata""","""OpenMetadata
     - N/A
     - affected version: < 1.2.4""","""https://github.com/open-metadata/OpenMetadata/security/advisories/GHSA-6wx7-qw5p-wh84
https://github.com/open-metadata/OpenMetadata/blob/e2043a3f31312ebb42391d6c93a67584d798de52/openmetadata-service/src/main/java/org/openmetadata/service/security/JwtFilter.java#L111
https://github.com/open-metadata/OpenMetadata/blob/e2043a3f31312ebb42391d6c93a67584d798de52/openmetadata-service/src/main/java/org/openmetadata/service/security/JwtFilter.java#L113"""
CVE-2024-28847,0.04,HIGH,8.8,"""open-metadata""","""OpenMetadata""","""OpenMetadata
     - affected version: < 1.2.4""","""https://www.cve.org/CVERecord?id=CVE-2024-28847"""
CVE-2024-28253,0.04,CRITICAL,9.4,"""open-metadata""","""OpenMetadata""","""OpenMetadata
     - affected version: < 1.3.1""","""https://www.cve.org/CVERecord?id=CVE-2024-28253"""
CVE-2024-28848,0.04,HIGH,8.8,"""open-metadata""","""OpenMetadata""","""OpenMetadata
     - affected version: < 1.2.4""","""https://github.com/open-metadata/OpenMetadata/security/advisories/GHSA-5xv3-fm7g-865r
https://codeql.github.com/codeql-query-help/java/java-spel-expression-injection
https://github.com/open-metadata/OpenMetadata/blob/main/openmetadata-service/src/main/java/org/openmetadata/service/security/policyevaluator/CompiledRule.java#L51
https://github.com/open-metadata/OpenMetadata/blob/main/openmetadata-service/src/main/java/org/openmetadata/service/security/policyevaluator/CompiledRule.java#L57"""
CVE-2024-28254,0.05,HIGH,8.8,"""open-metadata""","""OpenMetadata""","""OpenMetadata
     - affected version: < 1.2.4""","""https://github.com/open-metadata/OpenMetadata/security/advisories/GHSA-j86m-rrpr-g8gw
https://codeql.github.com/codeql-query-help/java/java-spel-expression-injection
https://github.com/open-metadata/OpenMetadata/blob/84054a85d3478e3e3795fe92daa633ec11c9d6d9/openmetadata-service/src/main/java/org/openmetadata/service/events/subscription/AlertUtil.java#L101
https://github.com/open-metadata/OpenMetadata/blob/84054a85d3478e3e3795fe92daa633ec11c9d6d9/openmetadata-service/src/main/java/org/openmetadata/service/events/subscription/AlertUtil.java#L108
https://github.com/spring-projects/spring-framework/blob/4e2d3573189b7c0afce62bce29cd915de4077f56/spring-expression/src/main/java/org/springframework/expression/spel/standard/SpelExpression.java#L106"""
CVE-2024-3400,95.36,CRITICAL,10,"""Palo Alto Networks
Palo Alto Networks
Palo Alto Networks""","""PAN-OS
Cloud NGFW
Prisma Access""","""PAN-OS
     - unaffected version: 9.0.0
     - unaffected version: 9.1.0
     - unaffected version: 10.0.0
     - unaffected version: 10.1.0
     - affected version: 10.2.0 before 10.2.9-h1
     - affected version: 11.0.0 before 11.0.4-h1
     - affected version: 11.1.0 before 11.1.2-h3
Cloud NGFW
     - unaffected version: All
Prisma Access
     - unaffected version: All""","""https://security.paloaltonetworks.com/CVE-2024-3400
https://unit42.paloaltonetworks.com/cve-2024-3400/
https://www.volexity.com/blog/2024/04/12/zero-day-exploitation-of-unauthenticated-remote-code-execution-vulnerability-in-globalprotect-cve-2024-3400/
https://www.paloaltonetworks.com/blog/2024/04/more-on-the-pan-os-cve/"""
CVE-2024-31497,0.05,TBD,TBD,"""n/a""","""n/a""","""n/a
     - affected version: n/a""","""https://www.cve.org/CVERecord?id=CVE-2024-31497"""
